{
  "project_info": {
    "project_number": "411380922692",
    "firebase_url": "https://project-5be14-default-rtdb.firebaseio.com",
    "project_id": "project-5be14",
    "storage_bucket": "project-5be14.appspot.com"
  },
  "client": [
    {
      "client_info": {
        "mobilesdk_app_id": "1:411380922692:android:4b889f4ba9eb0416b43f11",
        "android_client_info": {
          "package_name": "com.example.myapplication"
        }
      },
      "oauth_client": [
        {
          "client_id": "411380922692-1l80d74gq5d9ao46gf433tl01sburcb7.apps.googleusercontent.com",
          "client_type": 3
        }
      ],
      "api_key": [
        {
          "current_key": "AIzaSyABuQJU2NuA5xlwb55eH6086J4vYJnF1q0"
        }
      ],
      "services": {
        "appinvite_service": {
          "other_platform_oauth_client": [
            {
              "client_id": "411380922692-1l80d74gq5d9ao46gf433tl01sburcb7.apps.googleusercontent.com",
              "client_type": 3
            }
          ]
        }
      }
    }
  ],
  "configuration_version": "1"
}